Âmbito Geográfico;Anos;2002;2009;2010;2011;2012;2013;2002;2009;2010;2011;2012;2013;2002;2009;2010;2011;2012;2013
NUTS 2013;Portugal;685,0;867,5;899,0;905,1;914,1;911,5;744,2;940,5;976,7;984,2;999,0;993,2;599,5;773,5;800,8;807,5;813,7;815,6
NUTS I;Continente;x;x;900,0;906,1;915,0;912,2;x;x;977,6;985,2;999,9;993,8;x;x;801,8;808,4;814,5;816,2
NUTS II;Norte;x;x;793,1;802,4;808,5;809,5;x;x;852,2;864,4;875,0;875,8;x;x;714,6;723,2;726,8;729,0
NUTS III;Alto Minho;x;x;709,4;719,7;722,5;726,6;x;x;752,0;765,8;773,3;777,7;x;x;657,7;667,1;665,6;669,2
Município;Arcos de Valdevez;517,2;623,2;645,2;650,6;664,6;666,4;533,7;651,6;674,3;687,8;702,5;710,1;494,5;592,8;617,7;616,7;629,4;625,9
Município;Caminha;517,1;734,3;772,6;752,1;738,6;737,5;552,8;771,4;808,8;787,0;772,6;769,8;471,6;689,1;727,4;718,0;706,4;708,8
Município;Melgaço;505,3;618,7;651,7;655,2;645,1;666,0;524,0;648,5;693,0;717,3;700,1;731,4;479,8;588,5;612,6;603,8;598,7;614,2
Município;Monção;455,4;611,2;648,4;652,8;648,8;655,2;476,9;648,1;690,1;690,6;690,8;696,4;421,0;569,2;598,5;612,1;600,8;609,4
Município;Paredes de Coura;458,3;593,4;623,9;640,5;627,9;639,4;485,6;624,3;653,0;672,1;655,8;654,9;431,3;568,2;598,6;614,5;606,8;627,5
Município;Ponte da Barca;492,0;642,0;673,8;681,6;681,7;677,8;489,8;646,4;679,3;689,3;696,8;688,6;496,0;634,9;665,3;670,9;659,9;662,5
Município;Ponte de Lima;465,0;624,0;638,7;633,2;640,9;644,2;489,9;650,3;665,1;660,6;672,6;681,7;417,3;587,6;600,0;595,7;600,5;600,8
Município;Valença;508,2;661,3;681,4;694,4;694,6;708,8;536,0;702,3;740,9;754,7;764,9;785,8;467,7;605,1;619,2;632,9;623,5;628,8
Município;Viana do Castelo;563,2;748,9;752,9;779,6;780,8;784,6;615,1;807,6;801,0;831,7;837,4;837,8;489,4;674,3;692,2;716,0;713,7;718,5
Município;Vila Nova de Cerveira;494,5;739,4;760,6;761,1;776,5;776,9;548,8;810,8;832,7;837,1;865,9;849,5;446,9;668,3;686,5;685,4;687,7;702,0
NUTS III;Cávado;x;x;740,7;743,7;756,3;755,3;x;x;799,3;804,1;818,3;815,0;x;x;665,9;671,0;682,4;685,8
Município;Amares;505,4;670,2;699,6;707,9;682,6;654,9;537,2;699,9;728,3;742,7;702,9;669,2;442,9;609,8;636,8;641,3;645,8;629,7
Município;Barcelos;486,7;642,1;665,8;672,2;677,7;686,8;529,3;686,0;711,3;723,4;735,6;740,6;443,3;595,9;618,8;623,4;623,4;636,0
Município;Braga;595,6;769,8;813,0;812,8;831,9;826,4;637,9;833,6;879,2;877,9;894,9;887,9;526,9;677,0;719,4;725,2;747,0;745,4
Município;Esposende;488,1;644,0;669,7;672,3;679,1;695,4;526,7;687,8;719,3;717,8;724,0;749,4;442,7;590,6;610,1;620,3;626,8;639,8
Município;Terras de Bouro;517,8;666,4;681,9;709,9;748,4;747,3;565,8;748,8;757,2;837,4;898,7;911,7;453,3;580,5;601,5;590,7;604,4;591,4
Município;Vila Verde;452,7;622,0;647,9;666,2;681,3;675,7;483,4;646,9;676,4;699,1;719,0;710,5;414,6;586,6;609,1;620,5;631,7;631,0
NUTS III;Ave; x;x;x;x;x;x; x;x;x;x;x;x; x;x;x;x;x;x
Município;Cabeceiras de Basto;461,1;617,9;615,9;628,2;635,1;627,5;482,6;622,4;629,3;636,0;648,6;653,6;422,9;611,4;596,9;618,7;619,3;598,5
Município;Fafe;463,3;591,0;609,8;620,5;626,4;621,6;498,9;615,5;636,8;645,7;655,1;649,1;430,5;567,9;584,6;597,7;602,3;598,4
Município;Guimarães;  523,7;668,0;695,0;709,3;706,3;705,6;  571,1;714,4;745,3;760,6;751,5;753,1;  465,6;613,4;636,5;649,5;655,9;652,7
Município;Mondim de Basto;445,7;559,4;595,5;607,6;617,9;620,6;467,5;541,5;592,6;599,7;610,2;611,2;413,6;588,1;601,0;623,7;631,4;631,8
Município;Póvoa de Lanhoso;478,4;610,6;634,5;651,1;644,8;638,8;516,7;643,3;664,2;683,2;674,8;672,0;448,8;575,5;603,9;617,7;616,2;609,0
Município;Vieira do Minho;535,3;596,3;645,5;693,2;710,9;705,4;570,6;595,7;675,5;735,3;755,2;760,3;456,3;597,1;608,9;630,1;641,8;617,9
Município;Vila Nova de Famalicão;542,5;730,6;753,3;762,3;772,6;774,5;591,6;785,8;804,7;822,7;842,0;842,0;481,3;659,8;685,1;686,6;688,8;692,4
Município;Vizela;464,9;572,2;601,7;616,5;622,4;623,2;512,5;615,6;635,9;648,6;663,9;661,1;423,1;535,3;571,5;588,1;587,7;591,4
NUTS III;Área Metropolitana do Porto;x;x;x;x;x;x;x;x;x;x;x;x;x;x;x;x;x;x
Município;Arouca;455,5;613,9;634,7;645,0;654,4;655,4;470,0;640,0;658,0;671,0;682,2;681,8;424,7;571,7;594,5;603,3;610,1;613,4
Município;Espinho;579,5;702,9;735,7;749,8;768,7;762,0;630,4;758,0;795,4;809,8;846,1;839,6;510,4;648,5;672,8;687,4;692,3;688,4
Município;Gondomar;548,1;700,7;737,7;741,8;750,4;749,9;578,1;733,2;772,5;779,5;792,5;784,6;494,5;652,3;686,1;689,3;695,7;702,4
Município;Maia;695,8;904,9;945,5;963,3;975,7;975,6;754,8;974,7;1 024,9;1 039,3;1 058,0;1 057,4;589,6;781,4;810,8;833,7;840,5;844,6
Município;Matosinhos;746,9;917,3;931,4;945,7;946,6;951,8;809,3;1 006,1;1 006,0;1 030,1;1 049,1;1 054,8;636,9;795,6;825,2;832,1;823,0;828,8
Município;Oliveira de Azeméis;591,2;763,5;782,7;797,0;803,1;805,1;667,5;843,1;862,8;879,8;883,5;886,5;468,9;630,3;648,5;662,9;669,7;670,7
Município;Paredes;477,1;639,6;670,1;686,2;678,8;678,7;484,3;644,5;672,6;690,6;694,1;695,7;461,7;630,6;665,7;678,9;653,9;651,0
Município;Porto;803,6;1 000,5;1 050,4;1 060,7;1 074,3;1 089,2;885,1;1 087,8;1 169,3;1 179,6;1 202,1;1 218,0;696,3;898,2;922,0;931,9;941,7;955,7
Município;Póvoa de Varzim;517,0;702,4;731,1;741,7;750,5;734,6;566,8;761,5;790,3;804,8;819,1;793,9;460,5;630,7;656,5;664,6;672,4;675,0
Município;Santa Maria da Feira;585,3;776,9;788,5;808,5;807,1;812,1;641,2;842,7;849,4;870,5;878,1;882,4;500,7;678,7;696,1;723,1;711,2;716,3
Município;Santo Tirso;  530,1;666,1;713,3;708,6;716,6;723,1;  586,2;713,7;771,1;763,2;767,1;776,6;  465,8;615,1;648,8;648,7;660,8;666,9
Município;São João da Madeira;586,0;743,8;753,6;783,5;807,7;802,1;661,4;835,7;841,4;869,5;899,0;889,2;498,9;653,0;668,2;698,3;717,7;716,2
Município;Trofa;570,2;792,7;818,3;819,9;823,2;814,4;617,9;842,3;858,3;859,9;863,4;846,7;501,1;703,3;748,5;749,8;754,3;756,0
Município;Vale de Cambra;761,2;818,0;837,4;855,0;863,3;872,1;858,7;920,5;948,6;969,5;978,3;987,1;582,1;641,4;659,1;672,6;683,8;685,7
Município;Valongo;519,6;715,4;753,3;757,4;763,0;761,1;540,9;746,1;792,0;798,3;805,1;800,8;487,4;667,5;692,1;695,5;700,4;703,3
Município;Vila do Conde;581,0;772,8;813,6;822,2;836,6;831,8;636,1;831,8;875,9;893,4;908,4;906,3;500,9;672,3;707,7;706,9;717,5;717,4
Município;Vila Nova de Gaia;641,3;843,3;872,5;873,2;870,8;874,4;684,5;896,7;928,5;924,9;923,8;930,7;566,2;760,3;787,7;799,2;797,8;797,8
NUTS III;Alto Tâmega;x;x;x;x;x;x;x;x;x;x;x;x;x;x;x;x;x;x
Município;Boticas;493,2;610,6;617,0;618,2;623,1;636,0;526,3;641,7;640,2;647,3;648,0;654,5;455,6;578,2;592,8;590,3;600,7;618,4
Município;Chaves;517,8;670,3;703,9;703,7;714,6;712,5;546,8;704,4;735,0;738,2;747,3;753,2;473,0;622,5;666,0;664,1;677,3;669,1
Município;Montalegre;519,3;641,6;644,9;654,0;657,7;659,3;531,0;656,5;662,5;671,1;679,4;679,8;498,1;615,3;617,2;628,5;625,7;634,5
Município;Ribeira de Pena;506,8;646,0;697,6;681,7;686,8;688,9;529,8;669,5;744,9;715,8;721,6;721,9;463,3;614,6;634,7;631,7;642,4;647,5
Município;Valpaços;468,8;623,3;631,6;640,0;655,1;639,6;475,4;649,2;653,7;661,2;684,1;657,8;458,3;583,1;601,5;613,3;618,9;617,1
Município;Vila Pouca de Aguiar;474,9;617,3;644,1;648,7;668,4;669,4;476,6;628,7;666,4;665,0;687,7;682,2;472,2;594,1;605,8;621,3;637,7;649,8
NUTS III;Tâmega e Sousa; x;x;x;x;x;x; x;x;x;x;x;x; x;x;x;x;x;x
Município;Amarante;528,9;681,5;719,7;722,0;715,7;723,9;535,0;693,1;741,7;745,3;738,5;745,7;514,0;658,2;673,6;676,6;676,8;687,1
Município;Baião;456,7;606,5;644,1;658,1;638,7;615,9;480,9;608,3;661,0;680,9;653,5;623,6;397,2;603,0;614,1;623,9;619,3;605,0
Município;Castelo de Paiva;509,3;648,3;635,7;648,3;647,2;625,0;545,6;690,8;684,4;707,2;709,6;674,3;436,2;598,3;573,1;584,3;585,5;583,4
Município;Celorico de Basto;448,8;576,0;620,1;647,2;648,8;667,1;459,7;569,9;661,8;688,1;691,6;736,1;424,4;585,4;563,8;578,9;583,6;573,6
Município;Cinfães;480,7;605,6;617,2;619,8;625,6;621,5;487,3;622,9;634,0;635,7;640,3;633,4;448,8;563,9;579,0;588,2;594,2;594,3
Município;Felgueiras;  473,7;594,0;607,3;612,7;618,0;620,9;  517,7;629,3;647,7;655,2;663,9;668,2;  421,8;552,5;563,0;567,2;569,7;570,9
Município;Lousada;  447,2;584,5;595,6;603,9;605,6;605,5;  475,2;628,1;633,8;643,5;647,7;647,4;  412,3;541,0;555,6;564,3;566,8;567,9
Município;Marco de Canaveses;477,3;631,2;642,6;665,3;685,6;691,4;500,0;653,7;665,3;693,6;724,8;734,3;429,2;581,5;594,0;608,5;609,1;608,0
Município;Paços de Ferreira;430,6;569,9;600,6;603,8;606,2;612,7;445,7;591,2;629,1;627,5;632,0;639,6;407,6;543,9;565,5;576,3;577,5;582,8
Município;Penafiel;517,2;689,9;692,0;703,7;707,8;704,4;555,3;729,9;725,6;746,9;764,6;753,3;452,8;639,2;651,0;655,4;651,3;655,9
Município;Resende;496,7;622,0;643,2;659,1;666,7;646,8;492,5;608,1;617,8;650,9;677,0;643,7;505,0;641,5;677,2;669,2;656,1;649,8
NUTS III;Douro;x;x;x;x;x;x;x;x;x;x;x;x;x;x;x;x;x;x
Município;Alijó;566,6;732,7;729,0;748,4;731,0;737,9;587,6;774,5;776,8;798,9;793,4;798,5;529,9;670,3;649,7;663,1;648,8;651,3
Município;Armamar;514,9;618,3;627,8;640,0;652,8;654,9;540,0;621,1;642,2;662,0;661,4;667,7;454,3;613,5;609,8;612,1;641,7;637,9
Município;Carrazeda de Ansiães;515,1;614,4;641,2;652,7;636,8;643,8;519,0;646,6;661,4;676,5;663,1;652,6;505,4;575,8;617,7;627,3;611,3;634,4
Município;Freixo de Espada à Cinta;454,8;594,6;625,4;628,5;619,9;611,7;450,1;621,7;638,8;637,0;638,0;639,9;468,2;557,9;604,0;616,5;597,6;574,7
Município;Lamego;500,7;662,8;688,9;694,0;708,5;704,4;503,0;687,2;708,1;717,7;734,2;736,2;496,4;632,6;665,5;665,4;677,8;667,9
Município;Mesão Frio;485,5;722,1;632,5;636,3;646,6;638,0;512,6;733,3;672,8;711,7;700,0;664,5;460,6;706,9;597,6;582,5;594,9;609,0
Município;Moimenta da Beira;478,5;617,6;641,9;639,4;647,3;651,0;491,4;644,3;672,5;680,3;681,5;688,3;453,1;584,0;602,4;595,2;605,7;606,1
Município;Murça;502,9;616,8;648,3;651,6;639,0;634,9;502,3;603,0;672,3;663,8;648,3;638,6;503,9;633,1;624,0;635,6;629,3;631,1
Município;Penedono;516,1;599,5;654,4;670,3;857,7;632,1;539,1;598,1;654,8;721,2;976,4;628,3;489,9;601,1;654,0;616,0;704,0;636,4
Município;Peso da Régua;578,9;714,6;740,8;753,7;762,3;764,9;610,3;758,5;797,6;816,6;825,8;835,4;522,2;647,5;665,4;676,0;688,1;678,5
Município;Sabrosa;527,4;768,1;839,6;849,9;819,7;868,2;527,2;821,8;900,0;930,6;911,6;886,2;527,7;707,8;756,6;736,3;708,3;851,5
Município;Santa Marta de Penaguião;562,4;600,1;639,5;644,3;656,0;659,2;567,5;610,9;647,5;632,7;654,1;652,6;554,4;585,1;630,5;656,0;657,7;665,1
Município;São João da Pesqueira;563,6;715,0;687,6;721,1;711,1;711,2;612,1;756,5;740,7;778,7;768,2;766,9;486,7;655,0;599,9;639,2;632,7;641,2
Município;Sernancelhe;507,1;593,8;606,3;599,8;617,6;615,9;508,1;597,8;621,1;607,7;624,7;614,4;505,4;587,0;583,8;589,5;608,7;617,6
Município;Tabuaço;505,4;646,2;703,0;697,3;706,8;724,5;504,2;693,8;809,9;754,5;778,7;810,4;508,9;569,5;587,1;615,4;627,2;634,3
Município;Tarouca;438,7;627,4;644,4;696,9;668,6;672,7;435,3;622,8;646,7;722,8;685,5;687,8;458,4;638,2;636,5;637,7;641,7;646,5
Município;Torre de Moncorvo;534,2;767,7;873,5;906,1;880,7;905,1;520,5;874,2;980,5;979,3;944,9;1 008,1;554,5;613,9;687,4;731,3;731,2;732,5
Município;Vila Nova de Foz Côa;509,0;652,1;701,9;715,3;717,4;726,1;530,7;695,4;750,9;767,8;773,2;789,1;474,9;602,8;646,0;649,9;652,0;652,5
Município;Vila Real;589,0;731,4;748,0;759,5;786,4;799,5;621,6;763,0;781,6;792,2;820,2;836,5;529,4;693,1;707,5;721,4;749,4;760,8
NUTS III;Terras de Trás-os-Montes;x;x;x;x;x;x;x;x;x;x;x;x;x;x;x;x;x;x
Município;Alfândega da Fé;488,7;665,6;656,5;639,2;639,1;634,4;505,9;710,3;678,5;644,3;631,9;633,3;457,1;622,5;635,8;634,8;644,9;635,5
Município;Bragança;555,3;686,1;706,3;727,1;718,3;749,5;582,1;716,2;734,1;760,4;761,8;792,0;518,3;650,6;675,6;690,1;671,6;705,4
Município;Macedo de Cavaleiros;496,1;612,9;673,7;681,4;667,3;692,5;496,9;630,3;686,2;693,4;683,6;723,5;494,7;586,7;659,3;668,5;647,1;652,2
Município;Miranda do Douro;499,3;640,5;673,0;682,8;687,0;689,2;535,4;698,8;735,6;752,2;761,3;776,1;444,7;574,3;580,1;606,9;613,8;605,7
Município;Mirandela;558,2;676,0;694,4;693,9;702,2;708,8;590,1;719,4;735,9;731,9;747,1;755,8;504,4;620,9;643,0;650,2;653,4;661,7
Município;Mogadouro;523,7;649,7;667,1;656,2;646,9;664,1;561,5;704,1;726,0;709,3;684,4;720,8;444,6;567,6;578,8;579,2;596,0;596,5
Município;Vila Flor;504,6;661,6;668,9;654,2;635,7;631,2;528,2;698,5;704,7;697,3;680,3;686,2;462,7;609,9;602,2;594,0;592,0;581,4
Município;Vimioso;502,6;597,7;591,6;608,7;620,6;622,9;530,8;615,0;613,2;641,6;662,3;651,4;480,7;579,7;569,8;581,5;584,3;598,6
Município;Vinhais;556,2;611,4;605,9;627,4;645,1;640,4;560,5;623,4;612,9;642,7;657,4;652,8;549,9;597,6;593,9;606,5;628,7;623,3
NUTS II;Centro;x;x;775,9;780,6;786,5;786,8;x;x;842,1;846,8;856,6;855,1;x;x;690,4;696,8;701,4;704,4
NUTS III;Oeste;x;x;761,6;764,8;769,4;770,8;x;x;821,9;828,7;838,3;837,7;x;x;683,6;686,2;689,4;693,5
Município;Alcobaça;564,3;706,6;734,0;741,1;742,3;740,2;610,3;764,3;791,6;806,3;812,6;806,3;501,5;637,5;663,6;665,0;664,6;665,4
Município;Alenquer;663,5;823,4;853,7;853,9;858,1;881,5;716,6;883,8;919,4;923,6;924,7;942,1;557,6;708,0;730,5;731,1;745,8;771,6
Município;Arruda dos Vinhos;633,8;797,3;840,8;822,8;849,7;846,3;643,9;820,5;868,0;862,9;892,6;872,0;618,7;760,4;798,7;764,1;790,3;808,7
Município;Bombarral;553,4;685,5;696,3;702,7;706,3;701,2;589,1;740,6;746,6;759,7;746,9;741,3;487,8;611,2;633,4;643,6;665,3;664,7
Município;Cadaval;506,7;678,5;724,2;701,6;695,5;697,7;526,5;732,3;771,4;753,5;747,2;747,1;480,2;618,9;663,7;645,2;646,4;650,3
Município;Caldas da Rainha;585,0;730,4;752,1;756,2;759,4;752,6;632,6;783,1;812,6;819,7;824,1;812,9;522,4;674,5;688,8;689,6;694,9;693,4
Município;Lourinhã;510,6;670,8;687,5;695,8;710,5;706,5;545,6;726,2;748,6;756,5;790,1;771,7;458,9;602,9;610,1;622,6;622,9;636,2
Município;Nazaré;538,6;663,6;718,8;698,9;701,8;704,8;567,3;728,9;768,0;756,4;766,6;758,6;509,3;607,5;674,2;647,9;648,1;663,0
Município;Óbidos;576,1;773,7;796,5;810,2;787,0;789,3;625,5;831,8;865,7;884,4;857,0;867,9;503,2;699,3;712,8;724,1;704,2;704,1
Município;Peniche;535,0;708,9;735,1;732,4;744,8;737,2;580,4;796,8;818,3;818,5;846,4;837,4;471,2;608,8;636,9;643,8;644,5;640,1
Município;Sobral de Monte Agraço;569,6;678,6;679,9;694,8;698,4;717,4;603,9;696,1;707,5;721,0;729,6;758,7;516,8;651,3;638,5;661,0;656,6;661,9
Município;Torres Vedras;581,6;747,2;764,5;771,2;776,3;778,4;622,0;794,8;816,4;821,6;835,8;840,1;526,6;689,1;696,7;707,7;707,1;707,9
NUTS III;Região de Aveiro;x;x;x;x;x;x;x;x;x;x;x;x;x;x;x;x;x;x
Município;Águeda;599,7;769,9;794,2;800,0;798,8;798,1;671,4;862,3;889,7;896,9;889,1;888,9;499,3;647,5;667,7;674,3;684,2;685,5
Município;Albergaria-a-Velha;598,3;763,0;776,2;787,7;801,0;804,1;650,7;828,3;830,9;844,6;859,7;863,1;502,2;653,5;679,9;691,2;702,7;703,4
Município;Anadia;578,4;745,8;775,2;773,0;786,8;780,7;623,3;812,2;838,2;834,0;853,3;842,0;513,8;670,9;702,3;705,3;714,4;713,5
Município;Aveiro;707,4;895,5;909,0;916,8;928,0;926,7;792,9;997,8;1 021,0;1 011,9;1 030,0;1 025,8;575,5;762,3;766,9;790,0;793,2;799,1
Município;Estarreja;633,9;826,3;846,1;854,9;867,4;862,4;677,2;891,6;903,6;912,3;925,3;917,1;531,3;691,2;722,5;732,0;746,0;746,9
Município;Ílhavo;622,1;793,5;834,6;849,0;821,0;839,5;697,6;904,4;966,5;982,5;951,0;973,9;529,2;666,8;685,4;702,9;684,0;701,3
Município;Murtosa;495,5;631,0;656,5;673,3;690,8;673,0;503,8;661,4;685,0;713,1;745,1;700,0;483,1;597,6;625,7;635,3;643,8;646,6
Município;Oliveira do Bairro;600,4;786,9;794,9;808,8;783,8;783,7;659,1;863,1;876,5;896,3;871,2;879,0;524,3;693,1;699,5;701,4;688,8;685,7
Município;Ovar;584,3;767,0;768,5;764,7;790,4;783,3;642,0;830,2;845,2;842,3;870,8;854,1;512,3;683,5;676,4;674,2;696,0;697,5
Município;Sever do Vouga;526,9;729,1;749,5;758,7;773,3;780,1;561,1;792,7;806,9;822,1;851,1;854,8;457,1;617,9;637,9;649,3;641,1;656,8
Município;Vagos;533,8;711,6;732,6;733,2;728,8;748,7;566,1;763,9;774,4;774,3;775,0;811,2;481,3;656,2;687,3;690,8;685,6;690,8
NUTS III;Região de Coimbra;x;x;x;x;x;x;x;x;x;x;x;x;x;x;x;x;x;x
Município;Arganil;480,2;618,0;648,0;669,5;664,0;670,6;515,3;663,0;707,5;736,5;738,4;731,4;438,9;574,8;591,6;609,6;602,0;617,0
Município;Cantanhede;586,5;760,3;787,2;793,2;804,3;805,1;633,8;825,4;850,8;860,3;880,6;879,1;510,1;670,0;700,1;702,1;704,1;708,6
Município;Coimbra;661,9;843,2;873,5;877,7;886,5;900,6;724,5;913,1;951,4;954,4;965,5;977,2;573,9;762,6;789,9;800,0;809,7;827,1
Município;Condeixa-a-Nova;545,0;727,6;740,4;742,3;744,8;735,2;569,2;767,8;776,4;786,8;802,9;809,0;516,6;677,4;692,9;690,4;682,4;661,0
Município;Figueira da Foz;662,8;850,2;881,4;891,1;879,9;874,2;762,3;981,1;1 009,9;1 030,6;1 009,0;996,0;515,4;680,4;706,4;703,6;705,1;705,4
Município;Góis;457,6;591,9;608,1;608,0;613,6;620,8;470,5;615,0;633,3;629,3;631,5;626,2;446,8;574,1;590,8;592,6;602,9;617,0
Município;Lousã;542,4;690,1;713,8;731,4;734,4;744,7;585,4;721,7;753,0;765,0;781,6;793,4;483,1;647,8;659,9;684,4;680,6;686,5
Município;Mealhada;577,8;725,5;815,4;744,1;742,7;739,1;625,8;769,2;894,5;780,8;770,3;761,2;497,7;663,2;690,3;686,5;697,7;699,8
Município;Mira;485,5;637,3;681,1;699,2;713,9;711,9;530,5;701,1;773,9;773,4;804,5;785,7;437,5;574,0;589,5;626,7;628,3;638,6
Município;Miranda do Corvo;504,4;622,2;646,4;655,3;682,8;661,1;517,8;641,6;673,8;680,9;724,7;688,1;482,2;597,4;609,2;624,6;637,0;631,7
Município;Montemor-o-Velho;536,8;643,8;663,8;667,0;686,1;681,4;565,6;668,8;695,0;693,3;733,0;728,4;489,6;612,6;622,5;633,0;639,6;637,2
Município;Mortágua;592,7;705,0;751,0;730,5;729,2;758,0;616,6;748,7;813,1;778,8;787,5;835,7;560,0;645,7;664,7;665,2;653,7;659,8
Município;Oliveira do Hospital;494,0;629,0;648,5;655,2;658,5;659,5;535,7;682,8;695,4;714,5;719,6;719,1;438,9;564,7;590,5;588,1;594,3;598,3
Município;Pampilhosa da Serra;486,8;612,7;627,1;634,2;648,4;679,8;507,7;615,4;638,0;647,8;686,6;756,5;447,9;610,4;618,3;622,8;619,0;618,8
Município;Penacova;504,4;658,6;679,5;685,7;704,0;687,7;518,2;682,5;703,8;721,6;735,4;710,8;474,8;615,4;642,1;632,0;659,2;653,4
Município;Penela;473,4;643,9;664,8;687,5;685,8;677,5;498,9;675,7;700,0;714,7;716,2;720,8;445,6;590,6;608,5;619,2;623,6;617,1
Município;Soure;542,4;680,5;701,6;688,4;687,0;698,4;577,5;712,0;750,3;744,3;747,9;766,6;496,1;652,3;661,5;643,7;641,0;647,8
Município;Tábua;472,5;622,3;631,7;624,3;636,5;616,3;488,9;675,0;665,5;661,6;684,1;656,1;445,6;565,5;596,7;585,9;592,5;578,8
Município;Vila Nova de Poiares;511,4;669,7;676,3;694,5;675,7;688,6;553,0;734,2;743,8;761,1;733,2;749,1;455,5;584,5;593,3;618,9;617,8;628,8
NUTS III;Região de Leiria;x;x;x;x;x;x;x;x;x;x;x;x;x;x;x;x;x;x
Município;Alvaiázere;493,0;630,1;635,7;643,4;635,8;623,0;512,1;655,3;656,4;665,2;652,3;637,4;450,2;580,6;596,5;602,3;605,0;600,5
Município;Ansião;553,8;681,2;721,6;687,7;697,9;692,0;580,6;704,1;762,8;727,0;738,8;726,3;514,2;653,4;669,7;635,4;649,3;651,8
Município;Batalha;561,3;748,2;757,9;755,4;771,8;753,9;619,5;813,9;831,5;828,6;843,7;833,0;483,8;652,0;654,1;648,0;668,8;642,9
Município;Castanheira de Pêra;513,5;643,3;679,3;701,8;800,3;787,9;555,1;719,1;775,6;738,6;786,5;759,3;465,1;587,7;606,0;677,6;808,6;805,4
Município;Figueiró dos Vinhos;526,6;628,6;654,9;680,6;681,3;687,4;528,1;637,7;664,5;698,7;703,3;714,4;523,6;617,8;645,4;660,7;658,9;664,5
Município;Leiria;633,2;803,0;815,8;819,1;827,4;821,2;685,0;870,1;896,4;903,1;911,2;904,3;543,2;704,6;703,7;706,2;714,9;708,9
Município;Marinha Grande;736,8;887,0;914,1;933,1;944,7;950,6;833,1;998,5;1 028,1;1 045,3;1 057,8;1 053,6;572,5;722,1;737,6;751,9;761,1;774,5
Município;Pedrógão Grande;512,1;634,3;662,7;668,7;636,8;659,7;519,7;626,4;675,3;675,4;651,8;665,0;502,3;645,3;647,4;660,3;616,7;652,8
Município;Pombal;556,4;730,3;742,6;753,1;749,7;745,3;599,6;766,8;782,9;796,8;799,8;789,0;486,9;669,4;680,5;685,3;678,8;682,0
Município;Porto de Mós;540,2;732,6;774,6;784,3;771,9;766,0;585,2;778,3;823,7;836,8;825,2;822,4;461,6;668,1;695,9;698,4;690,5;685,5
NUTS III;Viseu Dão Lafões;x;x;x;x;x;x;x;x;x;x;x;x;x;x;x;x;x;x
Município;Aguiar da Beira;461,0;591,8;602,1;598,5;600,9;604,0;471,6;631,5;636,8;616,5;623,3;621,4;448,8;544,3;561,9;576,6;576,5;586,9
Município;Carregal do Sal;506,7;651,9;708,2;712,6;705,3;703,2;522,2;719,8;768,9;764,5;757,1;759,8;479,8;580,7;639,8;648,4;645,3;644,1
Município;Castro Daire;459,7;623,4;622,5;636,3;631,6;638,6;478,4;634,5;644,6;657,0;653,9;658,7;421,1;607,4;585,7;603,0;597,2;607,3
Município;Mangualde;569,2;707,5;724,5;736,1;736,7;738,6;619,5;750,2;769,0;777,4;781,7;784,4;466,8;619,3;628,1;647,0;642,1;645,1
Município;Nelas;547,9;774,3;787,1;788,7;802,5;804,0;619,0;822,3;859,9;854,2;878,4;890,4;464,4;693,0;683,4;690,9;699,9;687,9
Município;Oliveira de Frades;538,8;849,3;901,3;936,2;953,8;865,9;580,5;932,1;1 000,1;1 040,8;1 065,2;935,2;459,4;697,8;711,2;736,9;736,7;730,3
Município;Penalva do Castelo;487,0;633,3;645,7;655,4;646,9;639,0;493,4;646,0;656,4;655,1;649,6;653,4;472,5;609,2;623,7;655,8;642,3;615,1
Município;Santa Comba Dão;596,4;707,5;729,6;734,4;723,7;705,1;656,4;779,0;803,3;799,8;780,9;769,1;516,3;628,0;644,7;657,4;665,0;643,9
Município;São Pedro do Sul;482,9;610,5;617,2;624,3;632,0;630,7;507,8;644,8;658,1;658,4;671,7;676,3;455,0;583,7;582,4;594,7;598,0;593,4
Município;Sátão;452,5;588,6;596,1;591,9;596,2;597,4;458,8;600,4;608,8;598,9;613,8;610,7;441,2;570,5;577,9;581,5;575,5;581,3
Município;Tondela;565,2;733,2;767,9;769,2;775,2;777,8;618,1;809,9;847,7;848,1;855,8;856,6;484,0;643,7;676,1;680,2;686,6;692,9
Município;Vila Nova de Paiva;542,2;615,6;596,7;620,1;611,1;612,3;586,3;627,0;641,3;649,4;615,1;619,3;482,8;603,9;544,9;582,6;606,2;604,4
Município;Viseu;561,7;724,6;744,4;751,9;759,2;763,3;594,5;761,2;779,8;783,4;795,1;795,2;508,1;677,5;698,1;710,2;712,5;722,3
Município;Vouzela;480,6;653,9;644,4;660,2;670,9;678,7;519,9;726,6;721,9;735,9;748,2;762,2;434,3;586,4;583,2;599,7;614,0;617,8
NUTS III;Beira Baixa;x;x;x;x;x;x;x;x;x;x;x;x;x;x;x;x;x;x
Município;Castelo Branco;565,5;703,5;723,9;734,1;741,9;745,8;611,5;768,2;780,6;781,1;795,2;803,3;506,5;626,9;656,7;676,7;681,0;683,3
Município;Idanha-a-Nova;476,8;641,8;658,1;658,5;667,8;668,5;515,5;680,4;699,8;694,3;690,7;688,5;444,1;596,0;615,8;620,4;644,5;647,0
Município;Oleiros;454,0;608,5;618,4;629,5;633,9;679,1;478,0;629,8;655,3;672,0;647,5;710,3;414,4;565,4;563,4;570,6;606,9;618,1
Município;Penamacor;484,0;580,6;623,7;628,6;648,8;657,2;478,7;599,1;652,3;667,6;669,2;662,2;495,0;560,2;592,9;591,5;611,0;647,9
Município;Proença-a-Nova;492,2;638,7;634,3;653,1;660,0;667,2;502,0;644,0;630,8;657,3;660,8;672,9;469,4;630,0;640,2;647,0;658,9;659,9
Município;Vila Velha de Ródão;740,2;895,1;883,7;902,9;900,4;939,2;845,6;1 042,6;1 006,5;1 035,0;1 029,5;1 096,1;515,5;651,6;664,3;685,7;693,1;696,3
NUTS III;Médio Tejo;x;x;x;x;x;x;x;x;x;x;x;x;x;x;x;x;x;x
Município;Abrantes;599,7;750,9;788,6;798,0;811,0;835,4;664,4;817,7;855,6;869,1;888,8;913,5;496,7;656,4;697,7;703,0;714,0;740,1
Município;Alcanena;569,1;748,5;797,8;804,5;806,8;799,3;624,2;802,9;846,2;848,8;852,2;836,8;489,4;686,0;732,9;744,9;747,2;747,4
Município;Constância;646,1;899,1;902,5;923,3;928,0;943,6;705,0;1 036,8;1 039,7;1 070,9;1 059,3;1 070,8;507,9;666,7;659,8;680,1;711,5;730,1
Município;Entroncamento;690,4;831,8;840,1;838,7;842,9;854,4;774,6;931,4;909,8;913,2;930,2;943,4;514,4;696,1;725,6;723,9;730,8;728,6
Município;Ferreira do Zêzere;497,9;621,2;631,3;649,2;671,0;663,9;515,2;646,9;674,3;696,0;726,2;717,9;467,0;588,3;575,7;590,4;601,7;597,0
Município;Mação;504,6;642,3;642,1;653,2;653,7;653,6;527,6;683,0;678,0;694,5;707,2;702,2;472,5;587,0;601,6;607,6;597,5;603,6
Município;Ourém;551,1;723,0;739,9;740,0;747,0;749,6;582,6;763,6;775,4;778,6;791,7;791,5;506,5;673,1;696,2;692,5;697,0;702,2
Município;Sardoal;462,1;597,4;629,2;638,5;638,0;655,9;476,8;616,6;669,1;681,6;677,5;701,9;438,5;579,5;591,4;599,6;606,1;619,8
Município;Sertã;505,0;638,9;676,3;654,2;660,0;652,3;524,5;667,2;700,8;690,3;696,3;684,0;471,0;596,9;639,3;600,0;606,8;613,2
Município;Tomar;569,5;707,6;739,7;758,7;768,2;771,6;608,0;751,1;791,7;817,7;836,0;841,7;505,2;656,5;687,0;700,5;702,9;706,0
Município;Torres Novas;598,9;760,3;790,8;802,4;804,5;799,9;648,2;802,8;832,9;838,2;847,2;842,9;524,3;693,0;736,3;756,4;753,8;748,5
Município;Vila de Rei;458,8;571,9;590,1;611,8;614,0;628,6;473,9;609,8;605,6;618,4;647,0;655,4;442,3;544,9;578,5;607,7;597,2;612,2
Município;Vila Nova da Barquinha;488,1;652,3;683,3;689,4;695,7;677,3;534,1;709,9;735,8;756,5;758,2;741,7;427,6;591,5;619,7;609,1;627,3;614,1
NUTS III;Beiras e Serra da Estrela;x;x;x;x;x;x;x;x;x;x;x;x;x;x;x;x;x;x
Município;Almeida;542,6;611,4;646,5;637,4;642,4;637,9;569,3;627,5;663,6;658,5;669,1;651,7;502,0;592,5;622,5;613,0;614,4;624,5
Município;Belmonte;485,3;662,6;697,5;687,5;649,3;647,4;535,2;793,7;854,2;825,3;744,1;750,6;424,9;557,1;576,8;584,6;583,3;582,1
Município;Celorico da Beira;493,3;624,3;650,9;618,1;628,7;616,4;510,2;673,7;718,4;677,5;691,1;672,0;468,6;575,0;590,0;579,4;591,5;584,1
Município;Covilhã;511,9;700,5;711,5;712,7;723,2;725,2;551,4;730,4;737,4;738,5;760,6;761,2;459,4;666,8;682,0;684,8;683,1;685,1
Município;Figueira de Castelo Rodrigo;510,6;628,6;796,2;764,5;790,3;629,7;525,4;658,9;740,7;726,2;754,4;652,3;489,1;590,5;839,7;798,2;818,8;611,0
Município;Fornos de Algodres;472,6;587,5;590,8;602,9;606,5;593,3;480,3;594,2;610,9;615,7;612,1;616,5;457,5;578,4;562,7;585,6;600,8;572,2
Município;Fundão;515,6;651,3;673,1;679,3;682,7;677,7;545,3;668,7;696,5;702,0;707,9;703,3;464,0;628,8;644,2;653,0;656,0;650,2
Município;Gouveia;490,4;626,7;639,3;657,7;658,7;663,3;514,3;644,7;662,6;686,8;692,1;698,7;459,7;609,6;618,1;632,3;631,4;636,6
Município;Guarda;561,1;709,9;737,5;739,3;749,4;756,3;594,8;750,6;779,8;777,5;786,7;794,5;515,6;659,3;683,2;688,0;701,6;707,2
Município;Manteigas;494,0;647,3;652,0;651,8;654,5;679,6;500,2;636,0;679,8;674,0;647,3;673,8;485,1;662,4;623,1;630,9;661,4;685,0
Município;Mêda;510,4;597,9;657,7;640,1;640,0;634,8;516,3;630,1;709,2;676,0;674,2;667,6;495,3;552,0;588,6;595,3;602,3;597,2
Município;Pinhel;501,8;618,6;634,2;645,1;647,8;641,0;519,4;624,1;650,9;658,8;657,0;653,9;478,7;609,5;609,5;626,1;634,5;622,7
Município;Sabugal;486,4;622,1;641,6;633,2;650,4;642,4;495,6;652,9;661,6;641,1;667,8;664,4;476,7;598,0;624,4;626,1;635,5;624,5
Município;Seia;534,6;665,0;690,6;675,6;676,7;672,7;564,5;716,1;739,9;732,4;735,6;727,5;494,0;606,3;632,5;618,8;625,5;625,6
Município;Trancoso;544,3;675,6;704,6;705,3;687,3;683,4;574,6;713,4;748,3;739,6;714,3;702,4;503,9;622,4;647,6;658,7;655,0;659,1
NUTS II;Área Metropolitana de Lisboa;x;x;1 137,4;1 140,3;1 157,5;1 148,5;x;x;1 253,7;1 255,0;1 281,1;1 265,4;x;x;996,4;1 003,0;1 015,1;1 015,2
NUTS III;Área Metropolitana de Lisboa;x;x;x;x;x;x;x;x;x;x;x;x;x;x;x;x;x;x
Município;Alcochete;682,4;1 263,7;1 315,7;1 517,7;1 730,0;1 379,2;778,0;1 729,6;1 826,2;2 172,2;2 574,8;1 901,8;564,2;743,0;730,5;742,4;754,9;752,8
Município;Almada;633,4;835,4;875,5;881,2;879,7;875,2;699,1;905,4;960,1;958,0;960,1;942,1;559,3;766,8;786,7;807,6;809,3;818,1
Município;Amadora;885,2;1 089,6;1 057,6;1 087,4;1 119,3;1 091,6;976,6;1 207,2;1 224,5;1 264,8;1 277,6;1 251,2;757,4;947,8;897,0;919,6;957,3;938,3
Município;Barreiro;672,0;830,6;841,8;847,1;852,0;857,1;738,2;922,3;916,0;929,0;940,5;940,4;574,3;730,3;756,6;762,0;766,4;776,0
Município;Cascais;758,4;940,4;996,7;993,4;989,9;985,6;826,4;1 005,4;1 054,2;1 042,3;1 044,3;1 025,5;672,3;865,7;934,3;938,0;933,6;942,6
Município;Lisboa;1 016,0;1 232,2;1 296,0;1 286,8;1 298,8;  1289,4;1134,4;1 384,3;1 456,7;1 437,9;1 452,8;  1 435,0;873,5;1 070,0;1 129,8;1 132,2;1 143,2;  1 143,5
Município;Loures;  750,3;893,8;918,7;933,2;958,7;  943,5;  805,8;970,5;982,6;999,9;1 023,1;  1 005,0;  646,2;768,8;809,7;822,4;858,7;  849,8
Município;Mafra;560,9;722,6;744,3;739,6;739,2;740,2;600,6;748,4;770,6;758,2;760,0;759,7;492,0;673,2;696,6;703,5;700,0;703,3
Município;Moita;548,7;756,3;790,0;808,7;810,3;796,9;588,0;826,5;869,1;893,4;883,4;883,3;487,4;676,7;696,2;703,4;721,0;696,8
Município;Montijo;585,4;759,7;808,3;799,1;812,2;807,1;640,3;842,3;912,5;901,1;919,3;923,8;514,4;675,6;697,5;698,7;710,5;705,3
Município;Odivelas;597,7;737,3;775,5;776,3;791,2;773,0;634,7;777,3;819,3;820,0;847,1;817,1;540,7;680,2;715,2;717,5;724,0;718,1
Município;Oeiras;1 168,2;1 452,0;1 459,5;1 436,7;1 425,0;1 404,7;1 315,2;1 621,1;1 620,7;1 588,6;1 613,3;1 581,7;941,5;1 224,0;1 234,5;1 226,7;1 194,2;1 186,8
Município;Palmela;824,3;988,9;1 002,1;1 014,8;1 041,4;1 054,9;907,6;1 067,7;1 075,4;1 084,5;1 118,3;1 136,4;643,3;825,3;838,1;858,6;874,5;880,3
Município;Seixal;637,6;787,2;931,9;980,5;1 017,9;1 001,1;692,7;854,7;1 093,9;1 178,2;1 263,5;1 240,9;562,9;692,8;713,1;731,1;732,5;725,7
Município;Sesimbra;597,1;747,5;752,5;788,4;791,3;766,9;637,1;810,7;813,2;870,1;883,9;821,6;523,7;655,0;669,8;682,2;680,3;700,3
Município;Setúbal;726,7;880,1;949,6;961,6;978,8;972,7;815,1;978,2;1 064,9;1 080,7;1 107,7;1 089,4;592,4;741,9;783,2;791,0;804,5;809,9
Município;Sintra;729,6;959,0;980,5;985,4;1 009,8;1 010,1;784,1;1 034,7;1 063,4;1 072,4;1 100,3;1 105,2;645,6;844,6;865,5;867,0;887,0;884,6
Município;Vila Franca de Xira;743,8;931,2;933,9;954,2;966,8;962,9;812,2;1 016,4;1 019,2;1 041,3;1 053,3;1 050,9;609,1;793,2;799,5;820,8;840,6;837,7
NUTS II;Alentejo;x;x;789,7;796,7;802,2;805,2;x;x;861,8;873,4;882,9;882,9;x;x;696,5;700,2;707,2;712,0
NUTS III;Alentejo Litoral;x;x;875,6;900,1;902,7;909,0;x;x;977,2;1 015,4;1 037,1;1 038,5;x;x;723,4;727,7;731,8;736,5
Município;Alcácer do Sal;555,4;698,0;727,2;729,8;738,1;762,4;613,3;754,9;778,1;793,7;813,5;843,8;471,3;623,6;661,5;656,1;652,9;669,3
Município;Grândola;518,6;708,9;759,2;731,1;759,9;709,5;556,9;785,2;850,3;829,5;859,3;777,8;481,3;630,5;670,1;633,7;657,5;646,0
Município;Odemira;517,7;674,8;686,7;696,0;698,7;688,5;544,3;709,1;717,9;728,0;734,8;721,5;483,9;642,0;655,5;664,6;662,8;655,2
Município;Santiago do Cacém;542,5;699,7;731,2;734,9;749,1;764,9;579,9;737,3;767,7;782,3;804,1;830,1;491,2;648,7;693,0;681,5;694,1;702,1
Município;Sines;835,1;1 151,8;1 164,4;1 221,2;1 312,8;1 289,1;925,0;1 288,0;1 242,2;1 312,0;1 470,0;1 408,8;609,0;806,0;916,4;948,0;962,0;980,5
NUTS III;Baixo Alentejo;x;x;763,4;763,6;777,3;786,7;x;x;800,8;803,7;822,4;835,0;x;x;710,3;707,8;715,1;720,9
Município;Aljustrel;550,6;731,7;787,6;783,3;788,7;798,6;562,4;766,7;821,3;824,2;820,8;834,7;533,3;672,6;719,5;705,3;714,7;717,1
Município;Almodôvar;508,4;623,8;623,5;636,6;641,3;657,2;526,6;640,8;662,5;678,1;694,9;713,1;478,9;608,4;591,9;602,3;600,7;618,8
Município;Alvito;522,2;693,8;762,2;721,8;738,7;794,8;526,8;710,1;831,3;758,6;780,1;905,0;513,5;670,4;699,9;680,6;704,0;704,3
Município;Barrancos;514,5;623,3;611,9;618,7;631,8;612,4;517,1;650,9;643,8;643,8;638,7;634,8;510,3;589,1;570,2;587,7;622,2;587,9
Município;Beja;587,4;775,2;784,7;796,7;810,7;821,2;608,0;792,6;807,2;818,2;843,1;850,7;558,2;754,1;757,4;772,3;776,3;789,8
Município;Castro Verde;735,0;908,5;947,2;916,3;961,8;980,4;765,9;961,9;965,5;950,0;994,9;1 020,9;609,0;756,0;874,1;799,7;835,6;828,6
Município;Cuba;526,3;677,4;670,9;674,2;673,6;716,3;533,6;725,0;699,5;707,8;707,1;772,0;514,5;627,3;647,3;648,6;648,5;664,0
Município;Ferreira do Alentejo;571,9;679,3;749,5;772,4;720,0;708,6;609,8;730,8;820,8;858,7;785,0;761,6;476,9;598,6;632,0;648,8;631,6;635,7
Município;Mértola;475,6;641,7;662,1;664,5;677,4;672,8;465,6;637,5;656,6;640,9;638,1;651,0;492,7;648,1;669,2;693,1;721,2;697,9
Município;Moura;547,0;697,2;761,6;713,9;721,3;735,0;566,8;728,8;792,3;757,3;766,1;774,2;510,6;653,1;722,4;652,3;659,3;681,8
Município;Ourique;488,6;586,3;596,3;605,8;633,4;623,2;495,6;603,2;600,2;610,0;640,1;622,2;477,3;566,9;592,0;601,3;626,7;624,1
Município;Serpa;488,3;701,6;663,3;660,8;664,6;666,5;504,3;700,5;684,1;681,5;685,1;686,8;459,6;703,2;633,9;633,8;638,6;641,3
Município;Vidigueira;550,1;667,4;695,9;695,4;716,1;726,9;570,8;725,9;760,6;752,3;780,7;807,8;519,8;593,0;625,5;636,4;646,5;657,9
NUTS III;Lezíria do Tejo;x;x;796,5;801,1;804,2;801,8;x;x;873,7;881,0;886,4;875,7;x;x;699,2;703,9;710,6;715,2
Município;Almeirim;537,1;700,5;722,1;733,9;737,1;715,9;573,6;747,2;779,0;798,6;795,6;749,6;479,1;643,7;659,3;669,2;675,8;675,5
Município;Alpiarça;537,0;709,9;734,2;729,6;744,8;750,2;568,6;777,0;792,6;773,9;812,1;801,7;480,2;642,7;673,9;683,4;672,2;688,8
Município;Azambuja;766,6;829,4;899,3;902,5;912,4;925,4;866,7;937,0;1 023,6;1 025,4;1 037,6;1 049,2;581,4;708,2;755,7;762,1;768,1;781,4
Município;Benavente;638,0;789,5;843,6;843,4;830,0;833,3;696,7;872,1;922,7;924,7;922,2;918,6;537,2;671,1;718,8;717,9;711,3;719,6
Município;Cartaxo;585,0;771,2;798,0;797,7;793,4;783,4;659,2;854,4;893,9;886,5;878,0;856,9;480,9;676,2;690,9;704,1;706,6;707,0
Município;Chamusca;514,6;691,1;731,4;739,5;745,5;738,7;542,9;727,6;767,6;777,0;788,0;773,0;469,6;632,7;679,2;688,0;691,1;691,7
Município;Coruche;599,0;751,8;781,7;797,9;814,3;804,7;652,3;806,4;831,2;847,8;860,2;857,4;501,8;665,6;695,9;715,4;746,7;735,7
Município;Golegã;537,3;653,3;686,6;692,3;703,3;  736,3;558,5;700,5;737,0;744,7;773,9;  822,9;498,1;606,5;638,6;645,1;644,4;  655,9
Município;Rio Maior;592,6;745,6;764,1;761,9;757,0;755,2;652,0;819,4;841,5;836,2;829,0;816,3;502,0;640,8;655,5;665,2;668,0;676,7
Município;Salvaterra de Magos;520,3;726,9;744,8;741,4;748,5;750,9;556,5;792,7;815,2;814,9;821,2;817,6;477,6;640,7;656,1;654,5;669,8;671,4
Município;Santarém;602,8;760,7;790,0;795,2;806,5;  803,9;658,8;827,2;862,2;874,5;888,1;  880,2;525,2;686,1;709,8;708,8;721,7;  724,6
NUTS III;Alto Alentejo;x;x;x;x;x;x;x;x;x;x;x;x;x;x;x;x;x;x
Município;Alter do Chão;502,0;655,0;677,0;692,0;685,7;678,8;500,7;739,9;754,9;803,1;783,8;773,5;503,5;577,8;619,4;609,7;604,3;602,3
Município;Arronches;474,2;601,5;611,7;632,9;691,3;661,7;492,4;623,1;586,2;616,5;754,5;673,0;450,7;579,3;631,6;643,9;640,1;652,7
Município;Avis;534,8;675,2;708,3;686,2;680,5;682,4;589,7;790,6;800,3;769,8;746,3;740,7;475,3;568,0;616,6;605,7;612,6;618,5
Município;Campo Maior;737,0;935,1;1 003,8;909,4;1 046,8;1 024,0;821,4;1 081,3;1 171,4;1 021,9;1 202,1;1 163,9;584,1;746,0;785,8;765,1;838,9;845,4
Município;Castelo de Vide;509,2;648,9;676,2;669,2;665,2;676,9;522,6;675,9;703,9;705,2;718,3;723,4;493,9;624,2;652,5;640,6;628,1;645,1
Município;Crato;481,9;626,2;635,3;640,3;629,6;641,3;504,0;697,0;681,9;688,4;648,9;659,7;460,6;564,2;602,7;610,0;618,7;629,5
Município;Elvas;529,5;666,7;679,5;696,7;698,0;699,6;554,8;693,9;711,9;736,0;738,8;737,2;489,0;626,6;633,7;646,2;648,5;650,4
Município;Fronteira;489,0;625,4;669,6;684,8;701,3;680,3;525,7;651,6;694,0;694,2;738,4;721,8;436,7;596,5;641,7;673,2;656,2;633,3
Município;Gavião;462,4;617,4;652,2;660,5;652,3;660,6;463,3;660,8;703,8;747,8;726,8;778,2;460,7;584,3;606,9;606,4;602,3;601,4
Município;Marvão;492,0;587,4;638,8;627,9;635,0;622,9;534,7;620,7;697,6;688,5;694,4;671,3;452,4;561,6;591,0;589,6;596,2;596,9
Município;Monforte;541,7;688,9;740,6;724,9;755,8;735,8;558,8;727,8;775,4;772,0;811,8;801,4;517,4;650,0;705,0;678,1;698,1;674,4
Município;Nisa;519,7;643,0;639,7;655,3;655,8;659,6;564,1;709,5;713,4;739,0;736,9;732,6;471,2;577,3;587,0;589,0;596,9;609,7
Município;Ponte de Sor;577,5;742,0;752,7;779,0;764,1;750,0;625,4;814,7;839,7;879,8;857,5;839,6;498,2;636,5;643,8;656,6;659,6;652,9
Município;Portalegre;600,3;787,9;767,3;776,4;766,2;769,8;641,0;875,4;825,2;847,3;829,8;823,7;534,9;686,1;698,8;697,3;697,0;708,1
Município;Sousel;489,7;620,7;619,1;620,4;640,6;626,9;525,8;650,6;647,5;641,2;664,3;654,4;430,3;574,7;578,7;590,0;611,2;595,5
NUTS III;Alentejo Central;x;x;x;x;x;x;x;x;x;x;x;x;x;x;x;x;x;x
Município;Alandroal;475,2;601,9;635,7;620,6;648,3;693,5;524,8;647,4;700,5;667,9;721,3;721,7;431,7;558,5;584,0;587,3;593,8;671,3
Município;Arraiolos;516,5;679,0;684,6;717,0;717,6;747,9;535,2;726,9;732,6;795,5;783,8;849,9;483,7;613,1;622,8;623,2;644,5;636,2
Município;Borba;573,7;707,3;730,6;751,9;756,6;744,7;601,8;756,5;763,6;783,0;788,3;778,3;522,0;637,5;682,8;705,0;710,9;702,9
Município;Estremoz;542,0;704,5;712,9;713,0;715,4;714,3;594,9;768,0;778,5;778,6;777,3;777,3;484,7;635,8;641,1;646,2;656,2;653,7
Município;Évora;635,0;792,9;831,1;823,9;842,4;853,1;677,2;863,1;892,7;888,7;916,0;919,0;576,1;703,7;757,1;749,7;762,9;776,0
Município;Montemor-o-Novo;563,1;688,1;712,8;737,5;733,3;728,5;599,9;739,0;768,8;789,5;790,5;783,9;502,5;614,7;633,2;667,0;660,3;657,6
Município;Mora;542,3;621,2;659,5;705,7;678,2;677,8;581,9;681,4;734,5;773,1;765,5;758,0;481,9;547,5;577,4;637,8;594,0;606,8
Município;Mourão;619,2;656,5;670,1;685,1;687,2;657,8;658,0;702,4;678,9;692,6;699,7;689,7;517,3;595,1;661,6;676,6;675,6;635,5
Município;Portel;476,0;650,5;683,1;724,1;694,6;726,3;488,5;690,6;745,6;805,9;752,6;788,7;458,3;598,4;620,4;648,2;642,2;666,8
Município;Redondo;472,3;647,4;666,1;665,2;669,0;683,6;479,6;663,8;684,3;681,0;701,4;697,2;460,3;615,8;632,8;636,1;614,1;662,0
Município;Reguengos de Monsaraz;507,4;682,2;756,1;767,6;741,6;726,9;540,7;745,8;831,6;852,9;791,0;799,3;463,7;605,5;655,4;663,0;681,3;650,4
Município;Vendas Novas;592,0;759,9;795,8;795,5;818,1;805,3;691,4;851,4;925,2;908,6;942,8;918,1;476,0;653,0;662,3;670,3;686,7;688,0
Município;Viana do Alentejo;531,9;675,4;688,8;686,0;699,5;691,8;545,0;711,7;716,9;714,1;738,3;744,5;508,9;638,5;662,5;657,2;664,1;647,1
Município;Vila Viçosa;632,6;780,9;765,8;820,2;793,5;827,1;665,0;839,9;816,7;882,4;857,8;894,7;525,2;651,7;664,9;679,7;685,5;701,5
NUTS II;Algarve;x;x;789,3;791,0;790,6;785,9;x;x;852,3;854,4;855,0;845,4;x;x;720,8;724,5;727,1;726,9
NUTS III;Algarve;x;x;789,3;791,0;790,6;785,9;x;x;852,3;854,4;855,0;845,4;x;x;720,8;724,5;727,1;726,9
Município;Albufeira;590,8;753,1;767,0;777,0;776,2;760,0;645,1;827,3;845,9;856,0;852,4;825,3;534,0;679,8;691,7;703,3;706,8;700,4
Município;Alcoutim;530,2;605,3;651,5;656,4;663,9;655,7;528,6;605,3;664,4;679,6;698,3;680,6;532,5;605,4;640,0;635,2;636,5;636,9
Município;Aljezur;469,7;638,4;632,5;649,9;665,5;679,5;473,7;660,0;684,2;698,6;719,8;714,0;463,6;613,2;581,9;603,0;621,9;652,9
Município;Castro Marim;503,2;745,6;694,1;726,8;703,7;685,3;526,9;787,3;727,1;766,4;754,5;718,8;470,8;692,9;653,4;680,8;654,2;656,2
Município;Faro;651,9;819,7;864,1;852,6;852,1;855,4;695,9;886,3;936,4;924,3;926,0;925,6;595,5;746,4;789,8;782,9;783,8;789,4
Município;Lagoa;611,3;790,8;829,0;829,9;817,8;812,9;644,3;855,6;898,1;894,0;874,4;873,2;566,6;717,6;747,6;757,7;757,7;750,4
Município;Lagos;538,3;732,7;743,9;761,0;751,8;736,6;564,9;790,9;802,0;820,7;808,1;778,9;506,3;672,5;687,0;705,3;702,3;701,5
Município;Loulé;610,8;795,4;813,4;811,1;811,1;805,9;650,8;847,9;865,9;859,7;864,9;856,0;552,0;726,1;744,5;748,9;747,0;744,1
Município;Monchique;480,2;630,8;686,6;671,2;678,3;660,9;507,9;647,0;709,9;684,1;697,9;660,2;444,3;610,0;661,6;658,6;659,7;661,5
Município;Olhão;546,5;705,7;733,5;755,8;759,1;760,0;582,5;757,4;799,6;840,6;856,9;856,4;487,8;647,9;653,7;657,4;654,8;659,0
Município;Portimão;570,4;757,7;790,0;787,3;795,4;795,4;609,0;812,6;852,2;852,1;856,8;856,3;523,9;701,2;728,0;725,1;739,6;738,6
Município;São Brás de Alportel;520,7;782,8;776,2;782,7;782,3;771,9;536,0;797,4;797,4;797,9;801,3;784,5;496,1;763,1;749,3;764,8;761,3;758,6
Município;Silves;553,8;730,1;751,4;769,3;758,7;754,9;586,4;772,9;795,6;826,3;811,8;798,8;505,8;677,4;695,9;701,4;699,7;705,5
Município;Tavira;535,3;690,0;711,1;713,2;714,8;717,2;557,7;730,7;760,7;769,0;761,6;759,8;503,1;648,0;665,1;663,1;673,2;680,6
Município;Vila do Bispo;562,7;729,6;773,8;780,2;758,3;764,9;602,7;786,1;834,5;832,8;816,7;810,5;519,6;671,5;713,6;724,5;705,4;720,9
Município;Vila Real de Santo António;536,8;714,1;746,8;731,4;734,7;733,4;586,8;788,7;831,0;804,2;811,4;804,3;484,6;639,6;655,2;655,3;663,9;665,3
NUTS I;Região Autónoma dos Açores;x;x;x;x;x;x;x;x;x;x;x;x;x;x;x;x;x;x
NUTS II;Região Autónoma dos Açores;x;x;x;x;x;x;x;x;x;x;x;x;x;x;x;x;x;x
NUTS III;Ilha de Santa Maria;x;x;x;x;x;x;x;x;x;x;x;x;x;x;x;x;x;x
Município;Vila do Porto;921,7;988,2;x;x;x;x;1 010,4;1 122,2;x;x;x;x;738,0;799,7;x;x;x;x
NUTS III;Ilha de São Miguel;x;x;x;x;x;x;x;x;x;x;x;x;x;x;x;x;x;x
Município;Lagoa [R.A.A.];538,7;707,2;x;x;x;x;552,8;714,5;x;x;x;x;511,0;694,2;x;x;x;x
Município;Nordeste;588,2;650,2;x;x;x;x;602,5;670,1;x;x;x;x;558,7;619,4;x;x;x;x
Município;Ponta Delgada;645,0;849,5;x;x;x;x;680,3;921,0;x;x;x;x;589,3;756,9;x;x;x;x
Município;Povoação;572,0;648,1;x;x;x;x;595,0;685,2;x;x;x;x;528,6;603,2;x;x;x;x
Município;Ribeira Grande;567,1;719,5;x;x;x;x;591,0;740,5;x;x;x;x;519,1;672,9;x;x;x;x
Município;Vila Franca do Campo;560,6;662,0;x;x;x;x;557,6;704,4;x;x;x;x;565,4;601,7;x;x;x;x
NUTS III;Ilha Terceira;x;x;x;x;x;x;x;x;x;x;x;x;x;x;x;x;x;x
Município;Angra do Heroísmo;560,1;755,3;x;x;x;x;567,3;763,0;x;x;x;x;547,8;744,1;x;x;x;x
Município;Vila da Praia da Vitória;549,6;703,8;x;x;x;x;565,4;755,2;x;x;x;x;521,8;630,4;x;x;x;x
NUTS III;Ilha da Graciosa;x;x;x;x;x;x;x;x;x;x;x;x;x;x;x;x;x;x
Município;Santa Cruz da Graciosa;522,6;635,6;x;x;x;x;516,7;661,9;x;x;x;x;531,4;600,6;x;x;x;x
NUTS III;Ilha de São Jorge;x;x;x;x;x;x;x;x;x;x;x;x;x;x;x;x;x;x
Município;Calheta [R.A.A.];519,8;661,0;x;x;x;x;527,3;720,6;x;x;x;x;511,8;612,0;x;x;x;x
Município;Velas;557,3;698,8;x;x;x;x;577,8;719,7;x;x;x;x;531,4;671,9;x;x;x;x
NUTS III;Ilha do Pico;x;x;x;x;x;x;x;x;x;x;x;x;x;x;x;x;x;x
Município;Lajes do Pico;581,4;687,9;x;x;x;x;633,3;797,4;x;x;x;x;516,3;611,2;x;x;x;x
Município;Madalena;552,5;661,1;x;x;x;x;572,7;709,7;x;x;x;x;522,4;600,9;x;x;x;x
Município;São Roque do Pico;531,0;657,3;x;x;x;x;542,2;706,7;x;x;x;x;507,1;584,6;x;x;x;x
NUTS III;Ilha do Faial;x;x;x;x;x;x;x;x;x;x;x;x;x;x;x;x;x;x
Município;Horta;572,6;753,7;x;x;x;x;596,4;782,3;x;x;x;x;537,8;720,8;x;x;x;x
NUTS III;Ilha das Flores;x;x;x;x;x;x;x;x;x;x;x;x;x;x;x;x;x;x
Município;Lajes das Flores;567,8;710,5;x;x;x;x;654,1;755,4;x;x;x;x;465,8;681,5;x;x;x;x
Município;Santa Cruz das Flores;602,2;746,7;x;x;x;x;623,9;778,0;x;x;x;x;570,2;700,7;x;x;x;x
NUTS III;Ilha do Corvo;x;x;x;x;x;x;x;x;x;x;x;x;x;x;x;x;x;x
Município;Corvo;551,3;699,0;x;x;x;x;559,6;719,4;x;x;x;x;538,2;678,5;x;x;x;x
NUTS I;Região Autónoma da Madeira;x;x;855,1;861,4;873,2;881,2;x;x;937,7;937,9;958,3;964,9;x;x;757,7;771,0;779,4;789,7
NUTS II;Região Autónoma da Madeira;x;x;855,1;861,4;873,2;881,2;x;x;937,7;937,9;958,3;964,9;x;x;757,7;771,0;779,4;789,7
NUTS III;Ilha da Madeira;x;x;854,8;860,6;873,0;880,4;x;x;936,4;936,0;957,5;962,7;x;x;758,4;771,5;780,2;790,4
Município;Calheta [R.A.M.];565,7;775,8;804,3;804,7;806,7;805,2;583,8;832,0;848,6;847,3;855,0;861,7;519,5;677,3;713,2;718,3;719,9;704,6
Município;Câmara de Lobos;577,7;746,4;753,1;763,9;733,2;729,7;603,9;781,8;776,8;802,8;771,6;764,3;513,0;655,6;689,9;681,3;661,2;670,1
Município;Funchal;662,8;871,4;893,6;905,3;914,8;924,0;727,4;966,1;1 002,6;1 004,2;1 017,7;1 022,9;582,6;771,8;783,5;802,5;813,4;825,4
Município;Machico;599,7;757,1;796,8;790,8;863,9;881,1;657,8;826,3;892,5;858,5;971,2;1 009,4;493,3;647,8;658,2;683,4;716,5;725,1
Município;Ponta do Sol;504,8;650,7;656,6;657,1;659,0;649,2;534,9;687,0;686,4;683,1;696,4;695,4;449,8;602,0;620,1;624,1;619,0;604,5
Município;Porto Moniz;506,8;694,4;706,2;713,0;719,2;697,4;564,4;781,4;841,8;860,3;882,3;829,1;456,5;625,2;608,1;612,6;631,5;627,8
Município;Ribeira Brava;488,9;630,3;649,6;655,6;665,6;672,6;521,8;672,0;690,2;688,8;708,4;722,3;449,9;587,0;607,6;618,5;621,5;620,2
Município;Santa Cruz;632,7;813,1;851,2;823,6;837,5;832,7;678,4;869,9;901,2;867,8;897,0;880,1;561,4;725,6;772,8;756,2;752,7;765,2
Município;Santana;541,2;683,6;687,4;686,4;694,9;709,6;575,7;756,4;781,9;772,0;793,2;809,3;508,0;586,7;601,7;610,0;623,2;628,3
Município;São Vicente;590,9;664,6;675,9;678,1;682,1;732,6;632,3;712,2;719,4;716,3;727,5;767,1;530,6;608,3;623,3;635,9;634,6;696,6
NUTS III;Ilha de Porto Santo;x;x;869,3;897,6;880,8;921,7;x;x;991,6;1 023,9;991,8;1 071,3;x;x;729,1;752,2;745,9;755,2
Município;Porto Santo;614,1;799,3;869,3;897,6;880,8;921,7;678,6;923,6;991,6;1 023,9;991,8;1 071,3;526,7;663,2;729,1;752,2;745,9;755,2